{
    "-KWi2_-QHxL1yov93j5i": {
        "author": "George",
        "content": "Hey, guys!",
        "timestamp": 1479315195400
    },
    "-KWi2aENk0utP8BLnhi6": {
        "author": "Marry",
        "content": "Whats up?",
        "timestamp": 1479315200447
    },
    "-KWi3eFIUZbh8Z3OjZEB": {
        "author": "George",
        "content": "Not much, how about you?",
        "timestamp": 1479315479039
    },
    "-KWiX5ixY39AqdD2hJzV": {
        "author": "LJ",
        "content": "LEEEEROOOY JEEEEENKIIINS",
        "timestamp": 1479323197569
    }
}